district_name,mandal_name,village_name,name_of_the_unit,line_of_activity,sector,investment,number_of_employees,application_date,approval_date,progress_of_implementation,is_online,social_status,investment_standardized,number_of_employees_standardized,district_name_encoded,mandal_name_encoded,village_name_encoded,name_of_the_unit_encoded,line_of_activity_encoded,sector_encoded,application_date_encoded,approval_date_encoded,progress_of_implementation_encoded,is_online_encoded,social_status_encoded,application_date_year,application_date_month,application_date_day,application_date_dayofweek,approval_date_year,approval_date_month,approval_date_day,approval_date_dayofweek,application_date_encoded_year,application_date_encoded_month,application_date_encoded_day,application_date_encoded_dayofweek,approval_date_encoded_year,approval_date_encoded_month,approval_date_encoded_day,approval_date_encoded_dayofweek
SIDDIPET,CHINNAKODUR,RAMUNI PATTA,TELANGANA ICE FACTORY,"CHILLING PLANT, COLD STORAGE AND ICE MAKING",AGRO BASED INCL COLD STORAGES,0.4644,1,2025-07-31,2025-01-09,YET TO START CONSTRUCTION,YES,GENERAL,-0.24405044176453397,-0.38844870034979195,0,0,0,0,0,0,1970-01-01 00:00:00.000000000,1970-01-01 00:00:00.000000000,0,0,0,2025,7,31,3,2025.0,1.0,9.0,3.0,1970,1,1,3,1970,1,1,3
PEDDAPALLI,SRIRAMPUR,RATHUPALLE,M/S TIRUMALA OIL CHEM INDIA PVT LTD,OIL MILL GHANI & EXTRACTION ( NO HYDROGENATION / REFINING),FOOD PROCESSING,2.45,80,2025-03-01,2025-01-09,YET TO START CONSTRUCTION,YES,GENERAL,-0.08881122222866525,1.320486699173362,1,1,1,1,1,1,1970-01-01 00:00:00.000000001,1970-01-01 00:00:00.000000000,0,0,0,2025,3,1,5,2025.0,1.0,9.0,3.0,1970,1,1,3,1970,1,1,3
NAGARKURNOOL,NAGARKURNOOL,SRIPURAM,"M/S SHREESKANDA INFRATECH PRIVATE LIMITED.,",STONE CRUSHERS,GRANITE AND STONE CRUSHING,1.1,20,2025-08-22,2025-01-09,YET TO START CONSTRUCTION,YES,GENERAL,-0.1943576295480764,0.02256107928235895,2,2,2,2,2,2,1970-01-01 00:00:00.000000002,1970-01-01 00:00:00.000000000,0,0,0,2025,8,22,4,2025.0,1.0,9.0,3.0,1970,1,1,3,1970,1,1,3
MEDCHAL,UPPAL,NACHARAM,M/S. SALICYLATES & CHEMICALS PVT. LTD,PHARMACEUTICAL FORMULATION AND FOR R & D PURPOSE (FOR SUSTAINED RELEASE/EXTENDED RELEASE OF DRUGS ONLY AND NOT FOR COMMERCIAL PURPOSE),R&D,3.3,6,2025-07-16,2025-01-09,YET TO START CONSTRUCTION,YES,GENERAL,-0.02235607687940642,-0.2802882320255417,3,3,3,3,3,3,1970-01-01 00:00:00.000000003,1970-01-01 00:00:00.000000000,0,0,0,2025,7,16,2,2025.0,1.0,9.0,3.0,1970,1,1,3,1970,1,1,3
VIKARABAD,KODANGAL,UDIMESWAR,VIJAYA LAKSHMI INDUSTRIES,CEMENT,"CEMENT, CEMENT & CONCRETE PRODUCTS, FLY ASH BRICKS",2.4318,20,2025-08-13,,YET TO START CONSTRUCTION,YES,GENERAL,-0.09023414416437882,0.02256107928235895,4,4,4,4,4,4,1970-01-01 00:00:00.000000004,1970-01-01 00:00:00.000000001,0,0,0,2025,8,13,2,,,,,1970,1,1,3,1970,1,1,3
YADADRI,BIBINAGAR,RAIRAOPET,SRI MARUTHI ENGINEERING WORKS,ENGINEERING AND FABRICATION UNITS (DRY PROCESS WITHOUT ANY HEAT TREATMENT / METAL SURFACE FINISHING OPERATIONS / PAINTING),ENGINEERING,0.9628,5,2025-07-30,,YET TO START CONSTRUCTION,YES,GENERAL,-0.20508427183268618,-0.3019203256903918,5,5,5,5,5,5,1970-01-01 00:00:00.000000005,1970-01-01 00:00:00.000000001,0,0,0,2025,7,30,2,,,,,1970,1,1,3,1970,1,1,3
MEDCHAL,DUNDIGAL GANDIMAISAMMA,DUNDIGAL,M/S. SARGARI JEEVENDER REDDY,ENGINEERING AND FABRICATION UNITS (DRY PROCESS WITHOUT ANY HEAT TREATMENT / METAL SURFACE FINISHING OPERATIONS / PAINTING),ENGINEERING,0.25,6,2025-08-28,,YET TO START CONSTRUCTION,YES,GENERAL,-0.2608127748973353,-0.2802882320255417,3,6,6,6,5,5,1970-01-01 00:00:00.000000006,1970-01-01 00:00:00.000000001,0,0,0,2025,8,28,3,,,,,1970,1,1,3,1970,1,1,3
MEDCHAL,MEDCHAL,YADARAM,GEEAAR POLY PACK,CARDBOARD OR CORRUGATED BOX AND PAPER PRODUCTS (EXCLUDING PAPER OR PULP MANUFACTURING AND WITHOUT USING BOILERS),PAPER AND PRINTING,7.7,8,2025-08-14,,YET TO START CONSTRUCTION,YES,GENERAL,0.3216470284579336,-0.23702404469584162,3,7,7,7,6,6,1970-01-01 00:00:00.000000007,1970-01-01 00:00:00.000000002,0,0,0,2025,8,14,3,,,,,1970,1,1,3,1970,1,1,3
MAHABUBABAD,MARIPEDA,MARIPEDA,HEMADURGA RICE INDUSTRIES,RICE MILL (RICE HULLERS ONLY),FOOD PROCESSING,8.9939,12,2025-08-19,,YET TO START CONSTRUCTION,YES,GENERAL,0.42280739618429364,-0.15049567003644143,6,8,8,8,7,1,1970-01-01 00:00:00.000000008,1970-01-01 00:00:00.000000002,0,0,0,2025,8,19,1,,,,,1970,1,1,3,1970,1,1,3
NALGONDA,CHITYALA,VELIMINEDU,CIVENTICHEM (INDIA) PRIVATE LIMITED,ORGANIC CHEMICALSMANUFACTURING,PHARMACEUTICALS AND CHEMICALS,10.0,150,2025-02-10,,YET TO START CONSTRUCTION,YES,GENERAL,0.501466833520634,2.834733255712865,7,9,9,9,8,7,1970-01-01 00:00:00.000000009,1970-01-01 00:00:00.000000002,0,0,0,2025,2,10,0,,,,,1970,1,1,3,1970,1,1,3
NALGONDA,MIRYALAGUDA,GUDUR,RAMAIAH TRACTOR MECHANICAL WORKS,ENGINEERING AND FABRICATION UNITS (DRY PROCESS WITHOUT ANY HEAT TREATMENT / METAL SURFACE FINISHING OPERATIONS / PAINTING),ENGINEERING,0.1499,2,2025-08-04,,YET TO START CONSTRUCTION,YES,OBC,-0.2686388455437597,-0.3668166066849419,7,10,10,10,5,5,1970-01-01 00:00:00.000000010,1970-01-01 00:00:00.000000002,0,0,1,2025,8,4,0,,,,,1970,1,1,3,1970,1,1,3
RANGAREDDY,BALAPUR,NADARGUL,DHANASRI TIMBER DEPOT,SAW MILLS,WOOD AND LEATHER,0.25,10,2025-08-15,,YET TO START CONSTRUCTION,YES,GENERAL,-0.2608127748973353,-0.19375985736614154,8,11,11,11,9,8,1970-01-01 00:00:00.000000011,1970-01-01 00:00:00.000000002,0,0,0,2025,8,15,4,,,,,1970,1,1,3,1970,1,1,3
RANGAREDDY,NANDIGAMA,NANDIGAMA,MANISH KUMAR,"FACILITY OF HANDLING, STORAGE AND TRANSPORTATION OF FOOD GRAINS IN BULK",AGRO BASED INCL COLD STORAGES,2.15,5,2025-07-09,,YET TO START CONSTRUCTION,YES,GENERAL,-0.11226597941075664,-0.3019203256903918,8,12,12,12,10,0,1970-01-01 00:00:00.000000012,1970-01-01 00:00:00.000000002,0,0,0,2025,7,9,2,,,,,1970,1,1,3,1970,1,1,3
WARANGAL,DUGGONDI,MANDAPALLE,LAXMI SAI BINNY RICE MILL,RICE MILL (RICE HULLERS ONLY),FOOD PROCESSING,2.1,1,2025-08-13,,YET TO START CONSTRUCTION,YES,OBC,-0.11617510560777185,-0.38844870034979195,9,13,13,13,7,1,1970-01-01 00:00:00.000000004,1970-01-01 00:00:00.000000003,0,0,1,2025,8,13,2,,,,,1970,1,1,3,1970,1,1,3
MEDCHAL,KAPRA,CHERLAPARLY,DAISA BIOPHARMA,PHARMACEUTICAL FORMULATION AND FOR R & D PURPOSE (FOR SUSTAINED RELEASE/EXTENDED RELEASE OF DRUGS ONLY AND NOT FOR COMMERCIAL PURPOSE),R&D,0.25,10,2025-08-04,,YET TO START CONSTRUCTION,YES,GENERAL,-0.2608127748973353,-0.19375985736614154,3,14,14,14,3,3,1970-01-01 00:00:00.000000010,1970-01-01 00:00:00.000000003,0,0,0,2025,8,4,0,,,,,1970,1,1,3,1970,1,1,3
MEDCHAL,QUTUBULLAPUR,JEEDIMETLA,M/S. HARMEETH SHEET METAL & FABRICATION WORKS,ENGINEERING AND FABRICATION UNITS (DRY PROCESS WITHOUT ANY HEAT TREATMENT / METAL SURFACE FINISHING OPERATIONS / PAINTING),ENGINEERING,0.25,4,2025-08-21,,YET TO START CONSTRUCTION,YES,GENERAL,-0.2608127748973353,-0.3235524193552418,3,15,15,15,5,5,1970-01-01 00:00:00.000000013,1970-01-01 00:00:00.000000003,0,0,0,2025,8,21,3,,,,,1970,1,1,3,1970,1,1,3
WARANGAL,CHENNARAOPET,CHENNARAOPET,M/S SHIVA UDAY TRADERS,FLOUR MILLS (DRY PROCESS),FOOD PROCESSING,0.45,9,2025-08-25,,YET TO START CONSTRUCTION,YES,SC,-0.24517627010927434,-0.21539195103099157,9,16,16,16,11,1,1970-01-01 00:00:00.000000014,1970-01-01 00:00:00.000000003,0,0,2,2025,8,25,0,,,,,1970,1,1,3,1970,1,1,3
WARANGAL,NALLABELLY,LENKALPALLE,VIJAYA LAXMI CEMENT FLYASH BRICKS,FLY ASH BRICKS/ BLOCK MANUFACTURING,"CEMENT, CEMENT & CONCRETE PRODUCTS, FLY ASH BRICKS",0.1447,2,2025-08-18,,YET TO START CONSTRUCTION,YES,OBC,-0.26904539466824934,-0.3668166066849419,9,17,17,17,12,4,1970-01-01 00:00:00.000000015,1970-01-01 00:00:00.000000003,0,0,1,2025,8,18,0,,,,,1970,1,1,3,1970,1,1,3
WARANGAL,GEESUGONDA,GORREKUNTA (RURAL),M/S SAI SRINIVASA COLD STORAGE,"CHILLING PLANT, COLD STORAGE AND ICE MAKING",AGRO BASED INCL COLD STORAGES,8.8,10,2025-05-16,,YET TO START CONSTRUCTION,YES,GENERAL,0.40764780479226864,-0.19375985736614154,9,18,18,18,0,0,1970-01-01 00:00:00.000000016,1970-01-01 00:00:00.000000004,0,0,0,2025,5,16,4,,,,,1970,1,1,3,1970,1,1,3
RANGAREDDY,FAROOQNAGAR,RAIKAL,BIRLA METALS & ALLOYS LLP,"INDUSTRIES ENGAGED IN RECYCLING /REPROCESSING/ RECOVERY/REUSE OFHAZARDOUS WASTE UNDER SCHEDULE IV OF HW{ M, H& TBM) RULES, 2008 -ITEMS NAMELY -LEAD ACID BATTERY PLATES AND OTHERLEAD SCRAP/ASHES/RESIDUES NOTCOVERED UNDER BATTERIES (MANAGEMENT AND HANDLING) RULES, 2001. [ * BATTERY SCRAP, NAMELY:LEAD BATTERY PLATES COVERED BY ISRI, CODE WORD ""RAILS"" BATTERY LUGSCOVERED BY ISR1, CODE WORD ""RAKES"". SCRAP DRAINED/DRY WHILE INTACT, LEAD BATTERIES COVERED BY ISRI, CODE WORD ""RAINS"".",PHARMACEUTICALS AND CHEMICALS,10.0,2,2025-07-25,,YET TO START CONSTRUCTION,YES,GENERAL,0.501466833520634,-0.3668166066849419,8,19,19,19,13,7,1970-01-01 00:00:00.000000017,1970-01-01 00:00:00.000000004,0,0,0,2025,7,25,4,,,,,1970,1,1,3,1970,1,1,3
NIRMAL,KADDAM (PEDDUR),BELLAL,M/S. VAYUPUTRA RAW RICE MILL,RICE MILL (RICE HULLERS ONLY),FOOD PROCESSING,0.75,12,2025-08-08,,YET TO START CONSTRUCTION,YES,OBC,-0.22172151292718298,-0.15049567003644143,10,20,20,20,7,1,1970-01-01 00:00:00.000000018,1970-01-01 00:00:00.000000004,0,0,1,2025,8,8,4,,,,,1970,1,1,3,1970,1,1,3
MEDCHAL,QUTUBULLAPUR,BOWRAMPET,LUVIT INTERIOR DESIGN STUDIO,ALUMINIUM UTENSILS FROM ALUMINIUM CIRCLES BY PRESSING ONLY (DRY MECHANICAL OPERATION),ENGINEERING,0.1,10,2025-08-23,,YET TO START CONSTRUCTION,YES,OBC,-0.27254015348838095,-0.19375985736614154,3,15,21,21,14,5,1970-01-01 00:00:00.000000019,1970-01-01 00:00:00.000000004,0,0,1,2025,8,23,5,,,,,1970,1,1,3,1970,1,1,3
MAHABUBABAD,KESAMUDRAM,TALLAPOOSAPALLE,M/S GREEN FIELD AGRO INDUSTRIES,RICE MILL (RICE HULLERS ONLY),FOOD PROCESSING,1.15,9,2025-08-06,,YET TO START CONSTRUCTION,YES,OBC,-0.19044850335106117,-0.21539195103099157,6,21,22,22,7,1,1970-01-01 00:00:00.000000020,1970-01-01 00:00:00.000000004,0,0,1,2025,8,6,2,,,,,1970,1,1,3,1970,1,1,3
NALGONDA,NARKETPALLE,THONDALVAI,M/S. SRI SHIVA SAI VINAYAKA RICE MILL,RICE MILL (RICE HULLERS ONLY),FOOD PROCESSING,0.7,15,2025-08-23,,YET TO START CONSTRUCTION,YES,GENERAL,-0.22563063912419823,-0.0855993890418913,7,22,23,23,7,1,1970-01-01 00:00:00.000000019,1970-01-01 00:00:00.000000004,0,0,0,2025,8,23,5,,,,,1970,1,1,3,1970,1,1,3
BHUPALPALLY,CHITYAL,NAIN PAKA,M/S SUVEN AGRO INDUSTRIES PRIVATE LIMITED,VEGETABLE OIL MANUFACTURING SOLVENT EXTRACTION AND REFINERY /HYDROGENATED OILS,FOOD PROCESSING,41.69,50,2025-08-12,,YET TO START CONSTRUCTION,YES,GENERAL,2.979071017188885,0.6715238892278604,11,23,24,24,15,1,1970-01-01 00:00:00.000000021,1970-01-01 00:00:00.000000004,0,0,0,2025,8,12,1,,,,,1970,1,1,3,1970,1,1,3
SANGAREDDY,JINNARAM,ALINAGAR,M/S SD ENTERPRISES,ENGINEERING AND FABRICATION UNITS (DRY PROCESS WITHOUT ANY HEAT TREATMENT / METAL SURFACE FINISHING OPERATIONS / PAINTING),ENGINEERING,4.5,10,2024-05-04,,YET TO START CONSTRUCTION,YES,GENERAL,0.07146295184895904,-0.19375985736614154,12,24,25,25,5,5,1970-01-01 00:00:00.000000022,1970-01-01 00:00:00.000000005,0,0,0,2024,5,4,5,,,,,1970,1,1,3,1970,1,1,3
VIKARABAD,PUDUR,MANNEGUDA (SARECAS),KU-DAS PIPES AND FITTINGS,RUBBER GOODS INDUSTRY (WITH GAS OPERATED BABY BOILER),PLASTIC AND RUBBER,0.223,10,2025-08-21,,YET TO START CONSTRUCTION,YES,GENERAL,-0.2629237030437235,-0.19375985736614154,4,25,26,26,16,9,1970-01-01 00:00:00.000000013,1970-01-01 00:00:00.000000005,0,0,0,2025,8,21,3,,,,,1970,1,1,3,1970,1,1,3
MEDCHAL,QUTUBULLAPUR,JEEDIMETLA,BHAGYANAGAR STEEL INDUSTRIES,ENGINEERING AND FABRICATION UNITS (DRY PROCESS WITHOUT ANY HEAT TREATMENT / METAL SURFACE FINISHING OPERATIONS / PAINTING),ENGINEERING,0.55,10,2025-07-24,,YET TO START CONSTRUCTION,YES,OBC,-0.23735801771524387,-0.19375985736614154,3,15,15,27,5,5,1970-01-01 00:00:00.000000023,1970-01-01 00:00:00.000000005,0,0,1,2025,7,24,3,,,,,1970,1,1,3,1970,1,1,3
WARANGAL,GEESUGONDA,GORREKUNTA (RURAL),""" M/S KAVYA POLYMERS",POLYTHENE AND PLASTIC PROCESSED PRODUCTS MANUFACTURING(VIRGIN PLASTIC),PLASTIC AND RUBBER,0.33,9,2025-08-19,,YET TO START CONSTRUCTION,YES,OBC,-0.2545581729821109,-0.21539195103099157,9,18,18,28,17,9,1970-01-01 00:00:00.000000008,1970-01-01 00:00:00.000000005,0,0,1,2025,8,19,1,,,,,1970,1,1,3,1970,1,1,3
SIRCILLA,MUSTABAD,MUSTABAD,M/S. SRINIVASA INDUSTRIES,PARBOILED RICE MILLS,FOOD PROCESSING,2.2,25,2025-08-08,,YET TO START CONSTRUCTION,YES,GENERAL,-0.10835685321374139,0.1307215476066092,13,26,27,29,18,1,1970-01-01 00:00:00.000000018,1970-01-01 00:00:00.000000006,0,0,0,2025,8,8,4,,,,,1970,1,1,3,1970,1,1,3
MAHABUBABAD,GUDUR,GOVINDAPUR,PRIME AGRO INDUSTRIES,PARBOILED RICE MILLS,FOOD PROCESSING,5.0675,15,2025-07-31,,YET TO START CONSTRUCTION,YES,GENERAL,0.11583153418508187,-0.0855993890418913,6,27,28,30,18,1,1970-01-01 00:00:00.000000000,1970-01-01 00:00:00.000000006,0,0,0,2025,7,31,3,,,,,1970,1,1,3,1970,1,1,3
JAGTIAL,BUGGARAM,BUGGARAM,"KRISHNIKA AGRO INDUSTRIES,",PARBOILED RICE MILLS,FOOD PROCESSING,3.5455,50,2025-08-10,,YET TO START CONSTRUCTION,YES,GENERAL,-0.0031622672520616344,0.6715238892278604,14,28,29,31,18,1,1970-01-01 00:00:00.000000024,1970-01-01 00:00:00.000000006,0,0,0,2025,8,10,6,,,,,1970,1,1,3,1970,1,1,3
MEDAK,YELDURTHY,RAMANTHAPUR,VESTRO LABS PVT LTD,ORGANIC CHEMICALSMANUFACTURING,PHARMACEUTICALS AND CHEMICALS,1.25,20,2025-07-22,,YET TO START CONSTRUCTION,YES,GENERAL,-0.18263025095703073,0.02256107928235895,15,29,30,32,8,7,1970-01-01 00:00:00.000000025,1970-01-01 00:00:00.000000006,0,0,0,2025,7,22,1,,,,,1970,1,1,3,1970,1,1,3
NARAYANPET,MAGANOOR,YABANDODDI,SRI LAKSHMI AGROTECH,PARBOILED RICE MILLS,FOOD PROCESSING,0.95,10,2025-08-23,,YET TO START CONSTRUCTION,YES,OBC,-0.20608500813912212,-0.19375985736614154,16,30,31,33,18,1,1970-01-01 00:00:00.000000019,1970-01-01 00:00:00.000000006,0,0,1,2025,8,23,5,,,,,1970,1,1,3,1970,1,1,3
VIKARABAD,DOULATHABAD,MATOOR,SRI LAXMI VENKATESHWARA INDUSTRIES,RICE MILL (RICE HULLERS ONLY),FOOD PROCESSING,1.725,10,2025-08-04,,YET TO START CONSTRUCTION,YES,OBC,-0.14549355208538606,-0.19375985736614154,4,31,32,34,7,1,1970-01-01 00:00:00.000000010,1970-01-01 00:00:00.000000006,0,0,1,2025,8,4,0,,,,,1970,1,1,3,1970,1,1,3
SURYAPET,SURYAPET,SURYAPET,AGRO NXT,"AUTOMOBILE SERVICING, REPAIRING ANDPAINTING (EXCLUDING ONLY FUEL DISPENSING)",ENGINEERING,0.7,9,2025-07-10,,YET TO START CONSTRUCTION,YES,GENERAL,-0.22563063912419823,-0.21539195103099157,17,32,33,35,19,5,1970-01-01 00:00:00.000000026,1970-01-01 00:00:00.000000006,0,0,0,2025,7,10,3,,,,,1970,1,1,3,1970,1,1,3
MEDCHAL,QUTUBULLAPUR,GAJULARAMARAM,RELIANCE BATTERY PRIVATE LIMITED,ELECTRICAL AND ELECTRONIC ITEM ASSEMBLING ( COMPLETELY DRY PROCESS),ELECTRICAL AND ELECTRONIC PRODUCTS,0.3405,10,2025-07-09,,YET TO START CONSTRUCTION,YES,OBC,-0.2537372564807377,-0.19375985736614154,3,15,34,36,20,10,1970-01-01 00:00:00.000000012,1970-01-01 00:00:00.000000006,0,0,1,2025,7,9,2,,,,,1970,1,1,3,1970,1,1,3
JANGAON,NARMETTA,NARMETTA,VEERABHADRA WATER PLANT,MINERALIZED WATER,BEVERAGES,0.04,1,2025-08-20,,YET TO START CONSTRUCTION,YES,OBC,-0.2772311049247992,-0.38844870034979195,18,33,35,37,21,11,1970-01-01 00:00:00.000000027,1970-01-01 00:00:00.000000006,0,0,1,2025,8,20,2,,,,,1970,1,1,3,1970,1,1,3
RANGAREDDY,ABDULLAPURMET,THARAMATHIPET,SRI SIDDESHWARA SWAMY INFRA CONCRETE,READY MIX CEMENT CONCRETE,"CEMENT, CEMENT & CONCRETE PRODUCTS, FLY ASH BRICKS",0.75,10,2025-08-09,,YET TO START CONSTRUCTION,YES,GENERAL,-0.22172151292718298,-0.19375985736614154,8,34,36,38,22,4,1970-01-01 00:00:00.000000028,1970-01-01 00:00:00.000000006,0,0,0,2025,8,9,5,,,,,1970,1,1,3,1970,1,1,3
NIZAMABAD,KOTGIRI,BAREEDPUR,M/S. ANJANI PUTRA AGRO INDUSTRIES.,RICE MILL (RICE HULLERS ONLY),FOOD PROCESSING,0.25,8,2025-08-12,,YET TO START CONSTRUCTION,YES,GENERAL,-0.2608127748973353,-0.23702404469584162,19,35,37,39,7,1,1970-01-01 00:00:00.000000021,1970-01-01 00:00:00.000000006,0,0,0,2025,8,12,1,,,,,1970,1,1,3,1970,1,1,3
NIZAMABAD,BODHAN,BODHAN (R),M/S ADITHYA INDUSTRIE,RICE MILL (RICE HULLERS ONLY),FOOD PROCESSING,0.2,10,2025-08-15,,YET TO START CONSTRUCTION,YES,GENERAL,-0.26472190109435045,-0.19375985736614154,19,36,38,40,7,1,1970-01-01 00:00:00.000000011,1970-01-01 00:00:00.000000006,0,0,0,2025,8,15,4,,,,,1970,1,1,3,1970,1,1,3
NARAYANPET,MARIKAL,CHITTANUR,TIRUMALA INDUSTRIES,RICE MILL (RICE HULLERS ONLY),FOOD PROCESSING,2.845,10,2025-08-02,,YET TO START CONSTRUCTION,YES,GENERAL,-0.05792912527224496,-0.19375985736614154,16,37,39,41,7,1,1970-01-01 00:00:00.000000029,1970-01-01 00:00:00.000000007,0,0,0,2025,8,2,5,,,,,1970,1,1,3,1970,1,1,3
NARAYANPET,NARWA,LANKAL,RAMAKRISHNA COTEX,COTTON SEED GINNING / DE-LINTING BY MECHANICAL MEANS,OTHERS,8.59,20,2025-08-10,,YET TO START CONSTRUCTION,YES,GENERAL,0.39122947476480463,0.02256107928235895,16,38,40,42,23,12,1970-01-01 00:00:00.000000024,1970-01-01 00:00:00.000000007,0,0,0,2025,8,10,6,,,,,1970,1,1,3,1970,1,1,3
SANGAREDDY,JINNARAM,GADDAPOTHARAM,M/S. AET LABORATORIES PVT LTD,PHARMACEUTICAL FORMULATION AND FOR R & D PURPOSE (FOR SUSTAINED RELEASE/EXTENDED RELEASE OF DRUGS ONLY AND NOT FOR COMMERCIAL PURPOSE),R&D,11.515,345,2025-03-19,,YET TO START CONSTRUCTION,YES,GENERAL,0.6199133572901955,7.052991520358624,12,24,41,43,3,3,1970-01-01 00:00:00.000000030,1970-01-01 00:00:00.000000007,0,0,0,2025,3,19,2,,,,,1970,1,1,3,1970,1,1,3
RANGAREDDY,NANDIGAMA,NANDIGAMA,PANCHRATNA PACKAGING,"GRAVURE PRINTING, DIGITAL PRINTING ON FLEX, VINYL",PAPER AND PRINTING,4.75,40,2025-07-19,,YET TO START CONSTRUCTION,YES,GENERAL,0.09100858283403518,0.4552029525793599,8,12,12,44,24,6,1970-01-01 00:00:00.000000031,1970-01-01 00:00:00.000000007,0,0,0,2025,7,19,5,,,,,1970,1,1,3,1970,1,1,3
NIZAMABAD,NANDIPET,JOORPUR,M/S SRI PURNIMA AGRO INDUSTRIE'S,PARBOILED RICE MILLS,FOOD PROCESSING,3.2,20,2024-04-01,,YET TO START CONSTRUCTION,YES,GENERAL,-0.03017432927343685,0.02256107928235895,19,39,42,45,18,1,1970-01-01 00:00:00.000000032,1970-01-01 00:00:00.000000007,0,0,0,2024,4,1,0,,,,,1970,1,1,3,1970,1,1,3
SIRCILLA,YELLAREDDIPET,VENKATAPURAM,M/S. MADHU GENERAL ENGINEERING WORK SHOP,ENGINEERING AND FABRICATION UNITS (DRY PROCESS WITHOUT ANY HEAT TREATMENT / METAL SURFACE FINISHING OPERATIONS / PAINTING),ENGINEERING,0.16,4,2025-08-10,,YET TO START CONSTRUCTION,YES,OBC,-0.26784920205196266,-0.3235524193552418,13,40,43,46,5,5,1970-01-01 00:00:00.000000024,1970-01-01 00:00:00.000000007,0,0,1,2025,8,10,6,,,,,1970,1,1,3,1970,1,1,3
MEDCHAL,QUTUBULLAPUR,JEEDIMETLA,POOJA GOYAL,ENGINEERING AND FABRICATION UNITS (DRY PROCESS WITHOUT ANY HEAT TREATMENT / METAL SURFACE FINISHING OPERATIONS / PAINTING),ENGINEERING,0.105,5,2025-08-20,,YET TO START CONSTRUCTION,YES,GENERAL,-0.2721492408686794,-0.3019203256903918,3,15,15,47,5,5,1970-01-01 00:00:00.000000027,1970-01-01 00:00:00.000000007,0,0,0,2025,8,20,2,,,,,1970,1,1,3,1970,1,1,3
MAHABUBABAD,KESAMUDRAM,KESAMUDRAM,M/S SRI LAXMINIVASA RICE INDUSTRIES.,RICE MILL (RICE HULLERS ONLY),FOOD PROCESSING,1.35,9,2025-07-31,,YET TO START CONSTRUCTION,YES,GENERAL,-0.17481199856300025,-0.21539195103099157,6,21,44,48,7,1,1970-01-01 00:00:00.000000000,1970-01-01 00:00:00.000000007,0,0,0,2025,7,31,3,,,,,1970,1,1,3,1970,1,1,3
HYDERABAD,SECUNDERABAD,SECUNDERABAD,SURYA HALLMARKING CENTER,"GOLD AND SILVER SMITHY (PURIFICATION WITH ACID, SMELTING OPERATING AND SULFURIC ACIDPOLISHING OPERATION) (USING LESS THAN OR EQUAL TO 1 LITRE OF SULPHURIC ACID / NITRIC ACID PERMONTH.",ENGINEERING,0.1,2,2025-08-08,,YET TO START CONSTRUCTION,YES,GENERAL,-0.27254015348838095,-0.3668166066849419,20,41,45,49,25,5,1970-01-01 00:00:00.000000018,1970-01-01 00:00:00.000000007,0,0,0,2025,8,8,4,,,,,1970,1,1,3,1970,1,1,3
KARIMNAGAR,KOTHAPALLY,KHAZIPUR,GAJANANA GRANITES INDUSTRIES,GRANITE / STONE CUTTING AND POLISHING,OTHERS,0.95,10,2025-08-16,,YET TO START CONSTRUCTION,YES,OBC,-0.20608500813912212,-0.19375985736614154,21,42,46,50,26,12,1970-01-01 00:00:00.000000033,1970-01-01 00:00:00.000000007,0,0,1,2025,8,16,5,,,,,1970,1,1,3,1970,1,1,3
KHAMMAM,PENUBALLI,KARAIGUDEM,SRI SAI RAM SEEDS,COB DRYING (FUEL CONSUMPTION MORE THAN 12 TPD),OTHERS,6.644,25,2025-07-26,,YET TO START CONSTRUCTION,YES,GENERAL,0.239086283176972,0.1307215476066092,22,43,47,51,27,12,1970-01-01 00:00:00.000000034,1970-01-01 00:00:00.000000008,0,0,0,2025,7,26,5,,,,,1970,1,1,3,1970,1,1,3
YADADRI,BIBINAGAR,RAIRAOPET,VIJAYA MINING AND DRILLING SYSTEMS,ENGINEERING AND FABRICATION UNITS (DRY PROCESS WITHOUT ANY HEAT TREATMENT / METAL SURFACE FINISHING OPERATIONS / PAINTING),ENGINEERING,0.9938,8,2025-07-29,,YET TO START CONSTRUCTION,YES,OBC,-0.20266061359053675,-0.23702404469584162,5,5,5,52,5,5,1970-01-01 00:00:00.000000035,1970-01-01 00:00:00.000000008,0,0,1,2025,7,29,1,,,,,1970,1,1,3,1970,1,1,3
HANUMAKONDA,HASANPARTHY,YELLAPUR,ANANTHSAGAR TILES,MINERAL STACK YARD / RAILWAY SIDINGS,OTHERS,0.4976,9,2024-07-15,,YET TO START CONSTRUCTION,YES,OBC,-0.24145478196971587,-0.21539195103099157,23,44,48,53,28,12,1970-01-01 00:00:00.000000036,1970-01-01 00:00:00.000000008,0,0,1,2024,7,15,0,,,,,1970,1,1,3,1970,1,1,3
SIDDIPET,KONDAPAK,KUKNURPALLE,KOLA ANJANEYULU GODOWN,"FACILITY OF HANDLING, STORAGE AND TRANSPORTATION OF FOOD GRAINS IN BULK",AGRO BASED INCL COLD STORAGES,0.65,1,2025-08-14,,YET TO START CONSTRUCTION,YES,OBC,-0.22953976532121345,-0.38844870034979195,0,45,49,54,10,0,1970-01-01 00:00:00.000000007,1970-01-01 00:00:00.000000008,0,0,1,2025,8,14,3,,,,,1970,1,1,3,1970,1,1,3
PEDDAPALLI,MUTHARAM (MANTHANI),KESANAPALLE,M/S. RADHA KRISHNA RICE MILL,RICE MILL (RICE HULLERS ONLY),FOOD PROCESSING,0.75,12,2025-04-27,,YET TO START CONSTRUCTION,YES,OBC,-0.22172151292718298,-0.15049567003644143,1,46,50,55,7,1,1970-01-01 00:00:00.000000037,1970-01-01 00:00:00.000000008,0,0,1,2025,4,27,6,,,,,1970,1,1,3,1970,1,1,3
NIRMAL,KHANAPUR,SATHNAPALLE,M/S. SRI LAXMI NARASIMHA MODERN RICE MILL,RICE MILL (RICE HULLERS ONLY),FOOD PROCESSING,0.75,12,2025-08-06,,YET TO START CONSTRUCTION,YES,OBC,-0.22172151292718298,-0.15049567003644143,10,47,51,56,7,1,1970-01-01 00:00:00.000000020,1970-01-01 00:00:00.000000008,0,0,1,2025,8,6,2,,,,,1970,1,1,3,1970,1,1,3
JANGAON,JANGAON,OBLAKESHVAPUR,SIDDESHWARA MINERAL WATER PLANT,MINERALIZED WATER,BEVERAGES,0.029,1,2025-08-11,,YET TO START CONSTRUCTION,YES,OBC,-0.27809111268814257,-0.38844870034979195,18,48,52,57,21,11,1970-01-01 00:00:00.000000038,1970-01-01 00:00:00.000000008,0,0,1,2025,8,11,0,,,,,1970,1,1,3,1970,1,1,3
KHAMMAM,KHAMMAM (URBAN),KHANAPURAM (HAVELI),MAHAVEER ICE CREAM,ICE CREAM,BEVERAGES,0.2489,6,2025-08-14,,YET TO START CONSTRUCTION,YES,GENERAL,-0.2608987756736696,-0.2802882320255417,22,49,53,58,29,11,1970-01-01 00:00:00.000000007,1970-01-01 00:00:00.000000008,0,0,0,2025,8,14,3,,,,,1970,1,1,3,1970,1,1,3
WARANGAL,GEESUGONDA,DHARMARAM,CHANDRA SHEKAR TUNGA GAS GODOWN,"LUBRICATING OIL, GREASES OR PETROLEUM BASED PRODUCTS (ONLY BLENDING AT NOMAD TEMPERATURE)",PHARMACEUTICALS AND CHEMICALS,0.178,9,2025-04-24,,YET TO START CONSTRUCTION,YES,SC,-0.2664419166210372,-0.21539195103099157,9,18,54,59,30,7,1970-01-01 00:00:00.000000039,1970-01-01 00:00:00.000000008,0,0,2,2025,4,24,3,,,,,1970,1,1,3,1970,1,1,3
WARANGAL,WARDHANNA PET,WARDHANNAPET,KISAN DAIRY FARM,DAIRY AND DAIRY PRODUCTS ( SMALL SCALE),FOOD PROCESSING,0.3,7,2025-08-12,,YET TO START CONSTRUCTION,YES,OBC,-0.25690364870032006,-0.2586561383606917,9,50,55,60,31,1,1970-01-01 00:00:00.000000021,1970-01-01 00:00:00.000000008,0,0,1,2025,8,12,1,,,,,1970,1,1,3,1970,1,1,3
SANGAREDDY,JINNARAM,BOLLARAM,"M/S. ANMOL POLYMERS PVT LTD, (FORMERLY M/S.SAI TE",PHARMACEUTICAL FORMULATION AND FOR R & D PURPOSE (FOR SUSTAINED RELEASE/EXTENDED RELEASE OF DRUGS ONLY AND NOT FOR COMMERCIAL PURPOSE),R&D,1.08,43,2025-07-03,,YET TO START CONSTRUCTION,YES,GENERAL,-0.1959212800268825,0.5200992335739101,12,24,56,61,3,3,1970-01-01 00:00:00.000000040,1970-01-01 00:00:00.000000009,0,0,0,2025,7,3,3,,,,,1970,1,1,3,1970,1,1,3
SIDDIPET,WARGAL,VELURU,RAMALINGESHWARA RICE INDUSTRY,RICE MILL (RICE HULLERS ONLY),FOOD PROCESSING,0.95,10,2025-08-06,,YET TO START CONSTRUCTION,YES,OBC,-0.20608500813912212,-0.19375985736614154,0,51,57,62,7,1,1970-01-01 00:00:00.000000020,1970-01-01 00:00:00.000000009,0,0,1,2025,8,6,2,,,,,1970,1,1,3,1970,1,1,3
RANGAREDDY,KOTHUR,THIMMAPUR,COCOATINI CHOCOLATIERS,"CHLORATES, PER-CHLORATES &PEROXIDES",PHARMACEUTICALS AND CHEMICALS,0.868,5,2025-07-16,,YET TO START CONSTRUCTION,YES,OBC,-0.21249597510222706,-0.3019203256903918,8,52,58,63,32,7,1970-01-01 00:00:00.000000003,1970-01-01 00:00:00.000000009,0,0,1,2025,7,16,2,,,,,1970,1,1,3,1970,1,1,3
WANAPARTHY,PEBBAIR,RANGAPUR,ALLIED BLENDERS AND DISTILLERS LTD.,DISTILLERY ( MOLASSES / GRAIN /YEAST BASED),BEVERAGES,75.0,15,2025-05-14,,YET TO START CONSTRUCTION,YES,GENERAL,5.58333088964043,-0.0855993890418913,24,53,59,64,33,11,1970-01-01 00:00:00.000000041,1970-01-01 00:00:00.000000009,0,0,0,2025,5,14,2,,,,,1970,1,1,3,1970,1,1,3
SURYAPET,MATTAM PALLE,PEDDAVEEDU,NGS WHITE CEMENTS AP PVT LTD,CEMENT,"CEMENT, CEMENT & CONCRETE PRODUCTS, FLY ASH BRICKS",15.5,75,2025-05-14,,YET TO START CONSTRUCTION,YES,GENERAL,0.9314707151923091,1.2123262308491116,17,54,60,65,4,4,1970-01-01 00:00:00.000000041,1970-01-01 00:00:00.000000009,0,0,0,2025,5,14,2,,,,,1970,1,1,3,1970,1,1,3
MAHBUBNAGAR,BALANAGAR,GUNDED,ECOWOOD INDUSTRY,POLYTHENE AND PLASTIC PROCESSED PRODUCTS MANUFACTURING(VIRGIN PLASTIC),PLASTIC AND RUBBER,3.6,7,2025-08-02,,YET TO START CONSTRUCTION,YES,OBC,0.0010986803026849627,-0.2586561383606917,25,55,61,66,17,9,1970-01-01 00:00:00.000000029,1970-01-01 00:00:00.000000010,0,0,1,2025,8,2,5,,,,,1970,1,1,3,1970,1,1,3
MEDCHAL,MEDCHAL,MEDCHAL,M/S.MARUDHAR ENTERPRISES.,"FORMULATION/PALLETIZATION OF CAMPHOR TABLETS,NAPHTHALENE BALLS FROM CAMPHOR/ NAPHTHALENE POWDERS",PHARMACEUTICALS AND CHEMICALS,0.2,2,2025-07-16,,YET TO START CONSTRUCTION,YES,GENERAL,-0.26472190109435045,-0.3668166066849419,3,7,62,67,34,7,1970-01-01 00:00:00.000000003,1970-01-01 00:00:00.000000010,0,0,0,2025,7,16,2,,,,,1970,1,1,3,1970,1,1,3
KAMAREDDY,KAMAREDDY,PATHARAJAMPET,HINDUSTAN TRADERS SAW MILL & TIMBER DEPOT,SAW MILLS,WOOD AND LEATHER,0.2,6,2025-08-11,,YET TO START CONSTRUCTION,YES,OBC,-0.26472190109435045,-0.2802882320255417,26,56,63,68,9,8,1970-01-01 00:00:00.000000038,1970-01-01 00:00:00.000000010,0,0,1,2025,8,11,0,,,,,1970,1,1,3,1970,1,1,3
KAMAREDDY,TADWAI,TADWAI,SUJATHA FLOUR MILL,FLOUR MILLS (DRY PROCESS),FOOD PROCESSING,0.05,1,2025-08-06,,YET TO START CONSTRUCTION,YES,OBC,-0.2764492796853962,-0.38844870034979195,26,57,64,69,11,1,1970-01-01 00:00:00.000000020,1970-01-01 00:00:00.000000010,0,0,1,2025,8,6,2,,,,,1970,1,1,3,1970,1,1,3
JANGAON,RAGHUNATHPALLE,GOVARDHANAGIRI,M/S BHARATHI GROUP,"FISH FEED, POULTRY FEED AND CATTLE FEED",AGRO BASED INCL COLD STORAGES,0.98,15,2025-08-07,,YET TO START CONSTRUCTION,YES,GENERAL,-0.20373953242091294,-0.0855993890418913,18,58,65,70,35,0,1970-01-01 00:00:00.000000042,1970-01-01 00:00:00.000000010,0,0,0,2025,8,7,3,,,,,1970,1,1,3,1970,1,1,3
MEDAK,MANOHARABAD,KUCHARAM,M/S. INGENISIS ENGINEERING PVT. LTD.,INDUSTRY OR PROCESS INVOLVING METAL SURFACE TREATMENT OR PROCESS SUCH AS PICKLING/ ELECTROPLATING/PAINT STRIPPING/ HEAT TREATMENT USING CYANIDE BATH/ PHOSPHATING OR FINISHING AND ANODIZING / ENAMELLINGS/ GALVANIZING,OTHERS,1.5,15,2025-07-23,,YET TO START CONSTRUCTION,YES,GENERAL,-0.1630846199719546,-0.0855993890418913,15,59,66,71,36,12,1970-01-01 00:00:00.000000043,1970-01-01 00:00:00.000000011,0,0,0,2025,7,23,2,,,,,1970,1,1,3,1970,1,1,3
YADADRI,BIBINAGAR,RAIRAOPET,SRI YASHODA INDUSTRIES.,ENGINEERING AND FABRICATION UNITS (DRY PROCESS WITHOUT ANY HEAT TREATMENT / METAL SURFACE FINISHING OPERATIONS / PAINTING),ENGINEERING,0.9989,10,2025-07-30,,YET TO START CONSTRUCTION,YES,GENERAL,-0.2022618827184412,-0.19375985736614154,5,5,5,72,5,5,1970-01-01 00:00:00.000000005,1970-01-01 00:00:00.000000011,0,0,0,2025,7,30,2,,,,,1970,1,1,3,1970,1,1,3
SANGAREDDY,PATANCHERU,PASHAMYLARAM,NIEHOFF OF INDIA PRIVATE LIMITED.,ELECTRICAL AND ELECTRONIC ITEM ASSEMBLING ( COMPLETELY DRY PROCESS),ELECTRICAL AND ELECTRONIC PRODUCTS,0.72,10,2025-07-28,,YET TO START CONSTRUCTION,YES,GENERAL,-0.22406698864539212,-0.19375985736614154,12,60,67,73,20,10,1970-01-01 00:00:00.000000044,1970-01-01 00:00:00.000000011,0,0,0,2025,7,28,0,,,,,1970,1,1,3,1970,1,1,3
KAMAREDDY,MADNOOR,DONGLI,M. S. AGRO INDUSTRIES,RICE MILL (RICE HULLERS ONLY),FOOD PROCESSING,0.175,20,2025-08-14,,YET TO START CONSTRUCTION,YES,GENERAL,-0.2666764641928581,0.02256107928235895,26,61,68,74,7,1,1970-01-01 00:00:00.000000007,1970-01-01 00:00:00.000000011,0,0,0,2025,8,14,3,,,,,1970,1,1,3,1970,1,1,3
KHAMMAM,KHAMMAM (URBAN),KAIKONDAIGUDEM,SRI SAI GANESH STONES,GRANITE / STONE CUTTING AND POLISHING,OTHERS,0.4046,6,2025-08-07,,YET TO START CONSTRUCTION,YES,SC,-0.2487257566961642,-0.2802882320255417,22,49,69,75,26,12,1970-01-01 00:00:00.000000042,1970-01-01 00:00:00.000000011,0,0,2,2025,8,7,3,,,,,1970,1,1,3,1970,1,1,3
WARANGAL,WARDHANNA PET,WARDHANNAPET,M/S. MAHESHWARA INDUSTRIES,RICE MILL (RICE HULLERS ONLY),FOOD PROCESSING,0.35,15,2025-08-05,,YET TO START CONSTRUCTION,YES,GENERAL,-0.2529945225033048,-0.0855993890418913,9,50,55,76,7,1,1970-01-01 00:00:00.000000045,1970-01-01 00:00:00.000000011,0,0,0,2025,8,5,1,,,,,1970,1,1,3,1970,1,1,3
NALGONDA,MIRYALAGUDA,GUDUR,J.M.J GAS WELDING WORKS,ENGINEERING AND FABRICATION UNITS (DRY PROCESS WITHOUT ANY HEAT TREATMENT / METAL SURFACE FINISHING OPERATIONS / PAINTING),ENGINEERING,0.0717,3,2025-08-12,,YET TO START CONSTRUCTION,YES,SC,-0.2747527189158916,-0.34518451302009184,7,10,10,77,5,5,1970-01-01 00:00:00.000000021,1970-01-01 00:00:00.000000011,0,0,2,2025,8,12,1,,,,,1970,1,1,3,1970,1,1,3
RANGAREDDY,MAHESWARAM,MAHESWARAM,GSK ENTERPRISES,ENGINEERING AND FABRICATION UNITS (DRY PROCESS WITHOUT ANY HEAT TREATMENT / METAL SURFACE FINISHING OPERATIONS / PAINTING),ENGINEERING,0.311,2,2025-08-12,,YET TO START CONSTRUCTION,YES,GENERAL,-0.2560436409369767,-0.3668166066849419,8,62,70,78,5,5,1970-01-01 00:00:00.000000021,1970-01-01 00:00:00.000000011,0,0,0,2025,8,12,1,,,,,1970,1,1,3,1970,1,1,3
RANGAREDDY,FAROOQNAGAR,SOLIPUR,NAGASREE PLASTICS,REPROCESSING OF WASTE PLASTIC INCLUDING PVC,PLASTIC AND RUBBER,0.4,10,2025-07-25,,YET TO START CONSTRUCTION,YES,GENERAL,-0.2490853963062896,-0.19375985736614154,8,19,71,79,37,9,1970-01-01 00:00:00.000000017,1970-01-01 00:00:00.000000011,0,0,0,2025,7,25,4,,,,,1970,1,1,3,1970,1,1,3
HYDERABAD,CHARMINAR,CHARMINAR,SSR HALLMARKING,"GOLD AND SILVER SMITHY (PURIFICATION WITH ACID, SMELTING OPERATING AND SULFURIC ACIDPOLISHING OPERATION) (USING LESS THAN OR EQUAL TO 1 LITRE OF SULPHURIC ACID / NITRIC ACID PERMONTH.",ENGINEERING,0.45,2,2025-08-01,,YET TO START CONSTRUCTION,YES,GENERAL,-0.24517627010927434,-0.3668166066849419,20,63,72,80,25,5,1970-01-01 00:00:00.000000046,1970-01-01 00:00:00.000000011,0,0,0,2025,8,1,4,,,,,1970,1,1,3,1970,1,1,3
YADADRI,BHONGIR,BUVANAGIRI,M/S BHAKTIN ENTERPRISES,ALUMINIUM UTENSILS FROM ALUMINIUM CIRCLES BY PRESSING ONLY (DRY MECHANICAL OPERATION),ENGINEERING,0.24,15,2025-06-23,,YET TO START CONSTRUCTION,YES,GENERAL,-0.26159460013673835,-0.0855993890418913,5,64,73,81,14,5,1970-01-01 00:00:00.000000047,1970-01-01 00:00:00.000000012,0,0,0,2025,6,23,0,,,,,1970,1,1,3,1970,1,1,3
SANGAREDDY,KONDAPUR,GOLLAPALLE,M/S. ELMENTOZ RESEARCH PRIVATE LIMITED,INDUSTRY OR PROCESSES INVOLVING FOUNDRY OPERATIONS,ENGINEERING,1.5,1,2025-08-13,,YET TO START CONSTRUCTION,YES,GENERAL,-0.1630846199719546,-0.38844870034979195,12,65,74,82,38,5,1970-01-01 00:00:00.000000004,1970-01-01 00:00:00.000000013,0,0,0,2025,8,13,2,,,,,1970,1,1,3,1970,1,1,3
MEDCHAL,SHAMIRPET,KOLTHUR,"M/S ASPEN BIOPHARMA LABS (P) LTD., (FORMERLY M/S. TAT ORG SYNTHESIS PVT. LTD)",PHARMACEUTICALS,PHARMACEUTICALS AND CHEMICALS,0.4,25,2025-07-15,,YET TO START CONSTRUCTION,YES,GENERAL,-0.2490853963062896,0.1307215476066092,3,66,75,83,39,7,1970-01-01 00:00:00.000000048,1970-01-01 00:00:00.000000013,0,0,0,2025,7,15,1,,,,,1970,1,1,3,1970,1,1,3
RANGAREDDY,HAYATHNAGAR,KOHEDA,SRI NAIVEDYAMFOODS,FLOUR MILLS (DRY PROCESS),FOOD PROCESSING,8.0,20,2025-08-13,,YET TO START CONSTRUCTION,YES,OBC,0.34510178564002497,0.02256107928235895,8,67,76,84,11,1,1970-01-01 00:00:00.000000004,1970-01-01 00:00:00.000000013,0,0,1,2025,8,13,2,,,,,1970,1,1,3,1970,1,1,3
PEDDAPALLI,KAMANPUR,RATNAPUR,M/S SRI VENKATESHWARA FLY ASH BRICKS COMPANY,"CEMENT PRODUCTS (WITHOUT USING ASBESTOS / BOILER / STEAM CURING) LIKE PIPE ,PILLAR, JAFRI, WELL RING, BLOCK/TILES ETC.(SHOULD BE DONE IN CLOSED COVERED SHED TO CONTROL FUGITIVE EMISSIONS)","CEMENT, CEMENT & CONCRETE PRODUCTS, FLY ASH BRICKS",0.25,5,2025-08-11,,YET TO START CONSTRUCTION,YES,OBC,-0.2608127748973353,-0.3019203256903918,1,68,77,85,40,4,1970-01-01 00:00:00.000000038,1970-01-01 00:00:00.000000013,0,0,1,2025,8,11,0,,,,,1970,1,1,3,1970,1,1,3
MAHBUBNAGAR,GANDEED,NANCHERLA,SREE INDUSTRIES,RICE MILL (RICE HULLERS ONLY),FOOD PROCESSING,1.3725,10,2025-07-21,,YET TO START CONSTRUCTION,YES,OBC,-0.1730528917743434,-0.19375985736614154,25,69,78,86,7,1,1970-01-01 00:00:00.000000049,1970-01-01 00:00:00.000000013,0,0,1,2025,7,21,0,,,,,1970,1,1,3,1970,1,1,3
MAHABUBABAD,KESAMUDRAM,KALWALA,""" M/S SRI VARAHI AGRO INDUSTRIES """,RICE MILL (RICE HULLERS ONLY),FOOD PROCESSING,2.75,9,2025-07-24,,YET TO START CONSTRUCTION,YES,OBC,-0.0653564650465739,-0.21539195103099157,6,21,79,87,7,1,1970-01-01 00:00:00.000000023,1970-01-01 00:00:00.000000014,0,0,1,2025,7,24,3,,,,,1970,1,1,3,1970,1,1,3
SIDDIPET,GAJWEL,RIMMANGUDA,RADHE KRISHNA TILES AND GRANITES,GRANITE / STONE CUTTING AND POLISHING,OTHERS,0.35,5,2025-08-13,,YET TO START CONSTRUCTION,YES,GENERAL,-0.2529945225033048,-0.3019203256903918,0,70,80,88,26,12,1970-01-01 00:00:00.000000004,1970-01-01 00:00:00.000000014,0,0,0,2025,8,13,2,,,,,1970,1,1,3,1970,1,1,3
WARANGAL,CHENNARAOPET,UPPARAPALLE,M.S KAMADHENU INDUSTRIES,RICE MILL (RICE HULLERS ONLY),FOOD PROCESSING,1.7,9,2025-07-30,,YET TO START CONSTRUCTION,YES,GENERAL,-0.14744811518389367,-0.21539195103099157,9,16,81,89,7,1,1970-01-01 00:00:00.000000005,1970-01-01 00:00:00.000000014,0,0,0,2025,7,30,2,,,,,1970,1,1,3,1970,1,1,3
NIZAMABAD,NIZAMABAD RURAL,MUGPAL,M/S. VEERANJANEYA AGROS,RICE MILL (RICE HULLERS ONLY),FOOD PROCESSING,0.25,12,2025-08-05,,YET TO START CONSTRUCTION,YES,OBC,-0.2608127748973353,-0.15049567003644143,19,71,82,90,7,1,1970-01-01 00:00:00.000000045,1970-01-01 00:00:00.000000014,0,0,1,2025,8,5,1,,,,,1970,1,1,3,1970,1,1,3
NIZAMABAD,JAKRANPALLE,KALIGOTE,ABABIL RICE MILL,RICE MILL (RICE HULLERS ONLY),FOOD PROCESSING,1.85,10,2025-03-29,,YET TO START CONSTRUCTION,YES,OBC,-0.135720736592848,-0.19375985736614154,19,72,83,91,7,1,1970-01-01 00:00:00.000000050,1970-01-01 00:00:00.000000014,0,0,1,2025,3,29,5,,,,,1970,1,1,3,1970,1,1,3
MEDAK,SHANKARAMPET (R),CHANDAMPET,MSN LIFE SCIENCES PRIVATE LIMITED,PHARMACEUTICALS,PHARMACEUTICALS AND CHEMICALS,136.0,425,2025-07-22,,YET TO START CONSTRUCTION,YES,GENERAL,10.352464849999006,8.783559013546629,15,73,84,92,39,7,1970-01-01 00:00:00.000000025,1970-01-01 00:00:00.000000014,0,0,0,2025,7,22,1,,,,,1970,1,1,3,1970,1,1,3
RANGAREDDY,FAROOQNAGAR,ELKATTA,ELITE LAMINATES PVT LTD,PLY-BOARD MANUFACTURING (INCLUDINGVENEER AND LAMINATE) WITH OIL FIREDBOILER/ THERMLC FLUID HEATER(WITHOUTRESIN PLANT),WOOD AND LEATHER,23.0,2,2025-06-06,,YET TO START CONSTRUCTION,YES,GENERAL,1.517839644744593,-0.3668166066849419,8,19,85,93,41,8,1970-01-01 00:00:00.000000051,1970-01-01 00:00:00.000000014,0,0,0,2025,6,6,4,,,,,1970,1,1,3,1970,1,1,3
RANGAREDDY,KADTHAL,CHELLAMPALLE,SAM STONE CRUSHER,STONE CRUSHERS,GRANITE AND STONE CRUSHING,5.0,10,2025-07-05,2025-12-08,YET TO START CONSTRUCTION,YES,OBC,0.11055421381911132,-0.19375985736614154,8,74,86,94,2,2,1970-01-01 00:00:00.000000052,1970-01-01 00:00:00.000000015,0,0,1,2025,7,5,5,2025.0,12.0,8.0,0.0,1970,1,1,3,1970,1,1,3
SURYAPET,SURYAPET,YERKARAM,SRI MAHALAKSHMI INDUSTRIES,POLYTHENE AND PLASTIC PROCESSED PRODUCTS MANUFACTURING(VIRGIN PLASTIC),PLASTIC AND RUBBER,0.8169,5,2025-06-18,2025-12-08,YET TO START CONSTRUCTION,YES,OBC,-0.21649110207557662,-0.3019203256903918,17,32,87,95,17,9,1970-01-01 00:00:00.000000053,1970-01-01 00:00:00.000000015,0,0,1,2025,6,18,2,2025.0,12.0,8.0,0.0,1970,1,1,3,1970,1,1,3
SANGAREDDY,PATANCHERU,PATANCHERU,S MOHAN CONSTRUCTIONS,ENGINEERING AND FABRICATION UNITS (DRY PROCESS WITHOUT ANY HEAT TREATMENT / METAL SURFACE FINISHING OPERATIONS / PAINTING),ENGINEERING,1.6067,6,2025-07-29,2025-12-08,YET TO START CONSTRUCTION,YES,OBC,-0.1547425446675241,-0.2802882320255417,12,60,88,96,5,5,1970-01-01 00:00:00.000000035,1970-01-01 00:00:00.000000015,0,0,1,2025,7,29,1,2025.0,12.0,8.0,0.0,1970,1,1,3,1970,1,1,3
MEDCHAL,QUTUBULLAPUR,JEEDIMETLA,M/S. UJWALA ENTERPRISES,ENGINEERING AND FABRICATION UNITS (DRY PROCESS WITHOUT ANY HEAT TREATMENT / METAL SURFACE FINISHING OPERATIONS / PAINTING),ENGINEERING,0.25,3,2025-08-11,2025-12-08,YET TO START CONSTRUCTION,YES,GENERAL,-0.2608127748973353,-0.34518451302009184,3,15,15,97,5,5,1970-01-01 00:00:00.000000038,1970-01-01 00:00:00.000000015,0,0,0,2025,8,11,0,2025.0,12.0,8.0,0.0,1970,1,1,3,1970,1,1,3
JAGTIAL,JAGTIAL,JAGITIAL,M/S.MINAR SAW MILL AND TIMBER DEPOT,SAW MILLS,WOOD AND LEATHER,0.17,4,2025-08-04,2025-12-08,YET TO START CONSTRUCTION,YES,OBC,-0.26706737681255965,-0.3235524193552418,14,75,89,98,9,8,1970-01-01 00:00:00.000000010,1970-01-01 00:00:00.000000015,0,0,1,2025,8,4,0,2025.0,12.0,8.0,0.0,1970,1,1,3,1970,1,1,3
JAGTIAL,VELGATOOR,ENDAPALLE,M/S. SRI LAXMI DURGA CEMENT BRICKS INDUSTRIES,"CEMENT PRODUCTS (WITHOUT USING ASBESTOS / BOILER / STEAM CURING) LIKE PIPE ,PILLAR, JAFRI, WELL RING, BLOCK/TILES ETC.(SHOULD BE DONE IN CLOSED COVERED SHED TO CONTROL FUGITIVE EMISSIONS)","CEMENT, CEMENT & CONCRETE PRODUCTS, FLY ASH BRICKS",0.13,5,2025-07-29,2025-12-08,YET TO START CONSTRUCTION,YES,OBC,-0.2701946777701718,-0.3019203256903918,14,76,90,99,40,4,1970-01-01 00:00:00.000000035,1970-01-01 00:00:00.000000015,0,0,1,2025,7,29,1,2025.0,12.0,8.0,0.0,1970,1,1,3,1970,1,1,3
NIZAMABAD,VARNI,VARNI,SRI SHIVA INDUSTRIES,RICE MILL (RICE HULLERS ONLY),FOOD PROCESSING,2.0,10,2025-02-18,2025-12-08,YET TO START CONSTRUCTION,YES,GENERAL,-0.1239933580018023,-0.19375985736614154,19,77,91,100,7,1,1970-01-01 00:00:00.000000054,1970-01-01 00:00:00.000000015,0,0,0,2025,2,18,1,2025.0,12.0,8.0,0.0,1970,1,1,3,1970,1,1,3
ADILABAD,NERADIGONDA,NERADIGONDA,M/S SRI GANESH FLASH BRICKS,FLY ASH BRICKS/ BLOCK MANUFACTURING,"CEMENT, CEMENT & CONCRETE PRODUCTS, FLY ASH BRICKS",0.18,8,2025-08-08,2025-12-08,YET TO START CONSTRUCTION,YES,ST,-0.2662855515731566,-0.23702404469584162,27,78,92,101,12,4,1970-01-01 00:00:00.000000018,1970-01-01 00:00:00.000000015,0,0,3,2025,8,8,4,2025.0,12.0,8.0,0.0,1970,1,1,3,1970,1,1,3
SANGAREDDY,PATANCHERU,SULTANPUR,BLUBEE INDUSTRIES PRIVATE LIMITED,ENGINEERING AND FABRICATION UNITS (DRY PROCESS WITHOUT ANY HEAT TREATMENT / METAL SURFACE FINISHING OPERATIONS / PAINTING),ENGINEERING,4.4282,20,2025-08-04,2025-11-08,YET TO START CONSTRUCTION,YES,GENERAL,0.0658494466300452,0.02256107928235895,12,60,93,102,5,5,1970-01-01 00:00:00.000000010,1970-01-01 00:00:00.000000016,0,0,0,2025,8,4,0,2025.0,11.0,8.0,5.0,1970,1,1,3,1970,1,1,3
RANGAREDDY,SAROORNAGAR,NADARGUL (RURAL),MARUTHI INDUSTRIES,ENGINEERING AND FABRICATION UNITS (DRY PROCESS WITHOUT ANY HEAT TREATMENT / METAL SURFACE FINISHING OPERATIONS / PAINTING),ENGINEERING,4.05,10,2025-07-18,2025-11-08,YET TO START CONSTRUCTION,YES,OBC,0.03628081607582199,-0.19375985736614154,8,79,94,103,5,5,1970-01-01 00:00:00.000000055,1970-01-01 00:00:00.000000016,0,0,1,2025,7,18,4,2025.0,11.0,8.0,5.0,1970,1,1,3,1970,1,1,3
RANGAREDDY,FAROOQNAGAR,BURGUL,SHREE ULTRA INKS PVT LTD EXPANSION,PRINTING INK MANUFACTURING,PHARMACEUTICALS AND CHEMICALS,1.12,10,2025-07-15,2025-11-08,YET TO START CONSTRUCTION,YES,GENERAL,-0.19279397906927032,-0.19375985736614154,8,19,95,104,42,7,1970-01-01 00:00:00.000000048,1970-01-01 00:00:00.000000016,0,0,0,2025,7,15,1,2025.0,11.0,8.0,5.0,1970,1,1,3,1970,1,1,3
WANAPARTHY,GOPALPETA,CHENNARAM,SATHYA SAI INDUSTRIES,RICE MILL (RICE HULLERS ONLY),FOOD PROCESSING,0.8,10,2025-07-30,2025-11-08,YET TO START CONSTRUCTION,YES,GENERAL,-0.21781238673016776,-0.19375985736614154,24,80,96,105,7,1,1970-01-01 00:00:00.000000005,1970-01-01 00:00:00.000000016,0,0,0,2025,7,30,2,2025.0,11.0,8.0,5.0,1970,1,1,3,1970,1,1,3
PEDDAPALLI,MUTHARAM (MANTHANI),ODEDU,M/S. SRI BALAJI SAWMILL AND DEPOT,SAW MILLS,WOOD AND LEATHER,0.17,4,2025-08-01,2025-11-08,YET TO START CONSTRUCTION,YES,ST,-0.26706737681255965,-0.3235524193552418,1,46,97,106,9,8,1970-01-01 00:00:00.000000046,1970-01-01 00:00:00.000000016,0,0,3,2025,8,1,4,2025.0,11.0,8.0,5.0,1970,1,1,3,1970,1,1,3
MEDCHAL,QUTUBULLAPUR,JEEDIMETLA,M/S. SHODHANA LABORATORIES PRIVATE LIMITED,PHARMACEUTICALS,PHARMACEUTICALS AND CHEMICALS,5.0,40,2025-07-11,2025-11-08,YET TO START CONSTRUCTION,YES,OBC,0.11055421381911132,0.4552029525793599,3,15,15,107,39,7,1970-01-01 00:00:00.000000056,1970-01-01 00:00:00.000000016,0,0,1,2025,7,11,4,2025.0,11.0,8.0,5.0,1970,1,1,3,1970,1,1,3
BHUPALPALLY,BHUPALPALLE,BHUPALPALLE,SUDHIKSHA FLOUR MILL,FLOUR MILLS (DRY PROCESS),FOOD PROCESSING,0.115,1,2025-07-26,2025-11-08,YET TO START CONSTRUCTION,YES,OBC,-0.27136741562927635,-0.38844870034979195,11,81,98,108,11,1,1970-01-01 00:00:00.000000034,1970-01-01 00:00:00.000000016,0,0,1,2025,7,26,5,2025.0,11.0,8.0,5.0,1970,1,1,3,1970,1,1,3
RANGAREDDY,SAROORNAGAR,NADARGUL (RURAL),SANDHYA PRECISION ENGINEERING WORKS,ENGINEERING AND FABRICATION UNITS (DRY PROCESS WITHOUT ANY HEAT TREATMENT / METAL SURFACE FINISHING OPERATIONS / PAINTING),ENGINEERING,2.45,10,2025-06-24,2025-11-08,YET TO START CONSTRUCTION,YES,SC,-0.08881122222866525,-0.19375985736614154,8,79,94,109,5,5,1970-01-01 00:00:00.000000057,1970-01-01 00:00:00.000000016,0,0,2,2025,6,24,1,2025.0,11.0,8.0,5.0,1970,1,1,3,1970,1,1,3
ADILABAD,NERADIGONDA,KORATKAL (BUZURG),BALAJI CEMENT BRICK WORKS,BRICKFIELDS ( EXCLUDING FLY ASH BRICK MANUFACTURING USING LIME PROCESS),"CEMENT, CEMENT & CONCRETE PRODUCTS, FLY ASH BRICKS",0.025,5,2025-07-30,2025-11-08,YET TO START CONSTRUCTION,YES,OBC,-0.2784038427839038,-0.3019203256903918,27,78,99,110,43,4,1970-01-01 00:00:00.000000005,1970-01-01 00:00:00.000000016,0,0,1,2025,7,30,2,2025.0,11.0,8.0,5.0,1970,1,1,3,1970,1,1,3
SURYAPET,HUZURNAGAR,HUZURNAGAR,M/S. MATTAPALLY LAKSHMI NARASIMHA SWAMY PARBOILED MODERN RICE MILL,PARBOILED RICE MILLS,FOOD PROCESSING,1.5,10,2025-06-16,2025-11-08,YET TO START CONSTRUCTION,YES,GENERAL,-0.1630846199719546,-0.19375985736614154,17,82,100,111,18,1,1970-01-01 00:00:00.000000058,1970-01-01 00:00:00.000000016,0,0,0,2025,6,16,0,2025.0,11.0,8.0,5.0,1970,1,1,3,1970,1,1,3
JAGTIAL,MALLIAL,RAMPUR,SRI RAJA RAJESHWARA INDUSTRIES,PARBOILED RICE MILLS,FOOD PROCESSING,1.0,120,2025-07-07,2025-08-08,YET TO START CONSTRUCTION,YES,GENERAL,-0.20217588194210687,2.1857704457673637,14,83,101,112,18,1,1970-01-01 00:00:00.000000059,1970-01-01 00:00:00.000000017,0,0,0,2025,7,7,0,2025.0,8.0,8.0,4.0,1970,1,1,3,1970,1,1,3
RANGAREDDY,IBRAHIMPATNAM,MANGALPALLE,VAISHNAVI AGRO FRESH COLD STORAGE PRIVATELIMITED,CHILLING PLANT AND ICE MAKING WITHOUT USING AMMONIA,AGRO BASED INCL COLD STORAGES,2.5,20,2025-08-05,2025-08-08,YET TO START CONSTRUCTION,YES,GENERAL,-0.08490209603165004,0.02256107928235895,8,84,102,113,44,0,1970-01-01 00:00:00.000000045,1970-01-01 00:00:00.000000017,0,0,0,2025,8,5,1,2025.0,8.0,8.0,4.0,1970,1,1,3,1970,1,1,3
HANUMAKONDA,SHAYAMPET,SINGARAM (DONGALA),HANUMAN FLY ASH BRICKS,FLY ASH BRICKS/ BLOCK MANUFACTURING,"CEMENT, CEMENT & CONCRETE PRODUCTS, FLY ASH BRICKS",0.08,4,2025-07-09,2025-08-08,YET TO START CONSTRUCTION,YES,OBC,-0.27410380396718703,-0.3235524193552418,23,85,103,114,12,4,1970-01-01 00:00:00.000000012,1970-01-01 00:00:00.000000017,0,0,1,2025,7,9,2,2025.0,8.0,8.0,4.0,1970,1,1,3,1970,1,1,3
SANGAREDDY,JINNARAM,CHETLAPOTHARAM,SRI SAIRAM CONTAINERS,CARDBOARD OR CORRUGATED BOX AND PAPER PRODUCTS (EXCLUDING PAPER OR PULP MANUFACTURING AND WITHOUT USING BOILERS),PAPER AND PRINTING,0.25,10,2025-08-04,2025-08-08,YET TO START CONSTRUCTION,YES,GENERAL,-0.2608127748973353,-0.19375985736614154,12,24,104,115,6,6,1970-01-01 00:00:00.000000010,1970-01-01 00:00:00.000000017,0,0,0,2025,8,4,0,2025.0,8.0,8.0,4.0,1970,1,1,3,1970,1,1,3
SURYAPET,HUZURNAGAR,HUZURNAGAR,LAXMI GANAPATHI STOREGE GOEDOM,PARBOILED RICE MILLS,FOOD PROCESSING,4.9242,9,2025-07-21,2025-07-08,YET TO START CONSTRUCTION,YES,GENERAL,0.10462797850443623,-0.21539195103099157,17,82,100,116,18,1,1970-01-01 00:00:00.000000049,1970-01-01 00:00:00.000000018,0,0,0,2025,7,21,0,2025.0,7.0,8.0,1.0,1970,1,1,3,1970,1,1,3
JAGTIAL,GOLLAPALLE,CHILWAKODUR,M/S. SRI ANJANEYA PARA BOILED RICE INDUSTRIES,PARBOILED RICE MILLS,FOOD PROCESSING,2.3,20,2025-07-22,2025-07-08,YET TO START CONSTRUCTION,YES,OBC,-0.10053860081971096,0.02256107928235895,14,86,105,117,18,1,1970-01-01 00:00:00.000000025,1970-01-01 00:00:00.000000018,0,0,1,2025,7,22,1,2025.0,7.0,8.0,1.0,1970,1,1,3,1970,1,1,3
MEDAK,RAMAYAMPET,DONGAL DHARMARAM,SRI VENKATESHWARAA RICE MILL,PARBOILED RICE MILLS,FOOD PROCESSING,1.65,15,2025-07-26,2025-07-08,YET TO START CONSTRUCTION,YES,GENERAL,-0.15135724138090892,-0.0855993890418913,15,87,106,118,18,1,1970-01-01 00:00:00.000000034,1970-01-01 00:00:00.000000018,0,0,0,2025,7,26,5,2025.0,7.0,8.0,1.0,1970,1,1,3,1970,1,1,3
MULUGU,MULUGU,KASIMDEVIPET,M/S JAI HANUMAN AGRO INDUSTRIES PARABOILED RICEMILL,PARBOILED RICE MILLS,FOOD PROCESSING,1.9,12,2025-06-12,2025-07-08,YET TO START CONSTRUCTION,YES,OBC,-0.13181161039583278,-0.15049567003644143,28,88,107,119,18,1,1970-01-01 00:00:00.000000060,1970-01-01 00:00:00.000000018,0,0,1,2025,6,12,3,2025.0,7.0,8.0,1.0,1970,1,1,3,1970,1,1,3
YADADRI,CHOUTUPPAL,DANDUMALKAPUR,SPECTRA CHEM CORPORATION,TYRES AND TUBE RETREATING (WITHOUT BOILERS),PLASTIC AND RUBBER,0.15,10,2025-08-05,2025-07-08,YET TO START CONSTRUCTION,YES,GENERAL,-0.26863102729136573,-0.19375985736614154,5,89,108,120,45,9,1970-01-01 00:00:00.000000045,1970-01-01 00:00:00.000000018,0,0,0,2025,8,5,1,2025.0,7.0,8.0,1.0,1970,1,1,3,1970,1,1,3
SIDDIPET,BEJJANKI,VADLUR-BEGUMPET,SAI INDUSTRIES,PARBOILED RICE MILLS,FOOD PROCESSING,1.0125,8,2025-08-06,2025-07-08,YET TO START CONSTRUCTION,YES,GENERAL,-0.20119860039285306,-0.23702404469584162,0,90,109,121,18,1,1970-01-01 00:00:00.000000020,1970-01-01 00:00:00.000000018,0,0,0,2025,8,6,2,2025.0,7.0,8.0,1.0,1970,1,1,3,1970,1,1,3
SANGAREDDY,AMEENPUR,SULTANPUR,SNEHA FARMS PRIVATE LIMITED,MANUFACTURE OF EGG TRAYS,OTHERS,0.25,10,2025-08-04,2025-07-08,YET TO START CONSTRUCTION,YES,GENERAL,-0.2608127748973353,-0.19375985736614154,12,91,93,122,46,12,1970-01-01 00:00:00.000000010,1970-01-01 00:00:00.000000018,0,0,0,2025,8,4,0,2025.0,7.0,8.0,1.0,1970,1,1,3,1970,1,1,3
JANGAON,KODAKANDLA,REGULA,""" M/S NANDISHWARA AGRO RICEMILL """,RICE MILL (RICE HULLERS ONLY),FOOD PROCESSING,0.98,9,2025-07-22,2025-07-08,YET TO START CONSTRUCTION,YES,GENERAL,-0.20373953242091294,-0.21539195103099157,18,92,110,123,7,1,1970-01-01 00:00:00.000000025,1970-01-01 00:00:00.000000018,0,0,0,2025,7,22,1,2025.0,7.0,8.0,1.0,1970,1,1,3,1970,1,1,3
NIZAMABAD,KOTGIRI,MALKAPUR,SRI SAI GANESH AGRO INDUSTRIES,RICE MILL (RICE HULLERS ONLY),FOOD PROCESSING,3.834,10,2025-07-22,2025-07-08,YET TO START CONSTRUCTION,YES,OBC,0.019393390904716225,-0.19375985736614154,19,35,111,124,7,1,1970-01-01 00:00:00.000000025,1970-01-01 00:00:00.000000018,0,0,1,2025,7,22,1,2025.0,7.0,8.0,1.0,1970,1,1,3,1970,1,1,3
MEDCHAL,KUKATPALLY,KUKATPALLY,M/S. ALMELO RESEARCH CENTRE (A DIVISION OF ALMELO PVT. LTD),PHARMACEUTICAL FORMULATION AND FOR R & D PURPOSE (FOR SUSTAINED RELEASE/EXTENDED RELEASE OF DRUGS ONLY AND NOT FOR COMMERCIAL PURPOSE),R&D,15.25,150,2025-07-18,2025-07-08,YET TO START CONSTRUCTION,YES,GENERAL,0.911925084207233,2.834733255712865,3,93,112,125,3,3,1970-01-01 00:00:00.000000055,1970-01-01 00:00:00.000000018,0,0,0,2025,7,18,4,2025.0,7.0,8.0,1.0,1970,1,1,3,1970,1,1,3
RANGAREDDY,NANDIGAMA,NANDIGAMA,POKARNA ENGINEEREDSTONE LIMITED,GRANITE / STONE CUTTING AND POLISHING,OTHERS,23.0,20,2024-10-24,2025-06-08,YET TO START CONSTRUCTION,YES,GENERAL,1.517839644744593,0.02256107928235895,8,12,12,126,26,12,1970-01-01 00:00:00.000000061,1970-01-01 00:00:00.000000019,0,0,0,2024,10,24,3,2025.0,6.0,8.0,6.0,1970,1,1,3,1970,1,1,3
VIKARABAD,PEDDEMUL,KANDANELLI,HANUMAN STONE INDUSTRIES,"CUTTING, SIZING AND POLISHING OF MARBLE STONE",GRANITE AND STONE CRUSHING,0.15,4,2025-08-03,2025-06-08,YET TO START CONSTRUCTION,YES,GENERAL,-0.26863102729136573,-0.3235524193552418,4,94,113,127,47,2,1970-01-01 00:00:00.000000062,1970-01-01 00:00:00.000000019,0,0,0,2025,8,3,6,2025.0,6.0,8.0,6.0,1970,1,1,3,1970,1,1,3
JAGTIAL,MALLAPUR,SIRPUR,M/S. MANGYA NAYAK AGRO INDUSTRIES,PARBOILED RICE MILLS,FOOD PROCESSING,2.3,20,2025-07-23,2025-05-08,YET TO START CONSTRUCTION,YES,OBC,-0.10053860081971096,0.02256107928235895,14,95,114,128,18,1,1970-01-01 00:00:00.000000043,1970-01-01 00:00:00.000000020,0,0,1,2025,7,23,2,2025.0,5.0,8.0,3.0,1970,1,1,3,1970,1,1,3
RANGAREDDY,IBRAHIMPATNAM,TOOLEKALAN,M/S KALAKRUTHI EXLUSIVE DECORS PVT LTD,POLYTHENE AND PLASTIC PROCESSED PRODUCTS MANUFACTURING(VIRGIN PLASTIC),PLASTIC AND RUBBER,4.5,50,2025-07-26,2025-05-08,YET TO START CONSTRUCTION,YES,GENERAL,0.07146295184895904,0.6715238892278604,8,84,115,129,17,9,1970-01-01 00:00:00.000000034,1970-01-01 00:00:00.000000020,0,0,0,2025,7,26,5,2025.0,5.0,8.0,3.0,1970,1,1,3,1970,1,1,3
YADADRI,BIBINAGAR,RAIRAOPET,HIMAJA INDUSTRIES.,ENGINEERING AND FABRICATION UNITS (DRY PROCESS WITHOUT ANY HEAT TREATMENT / METAL SURFACE FINISHING OPERATIONS / PAINTING),ENGINEERING,0.9501,12,2025-06-21,2025-05-08,YET TO START CONSTRUCTION,YES,SC,-0.20607718988672805,-0.15049567003644143,5,5,5,130,5,5,1970-01-01 00:00:00.000000063,1970-01-01 00:00:00.000000020,0,0,2,2025,6,21,5,2025.0,5.0,8.0,3.0,1970,1,1,3,1970,1,1,3
SIRCILLA,SIRCILLA,SIRCILLA,M/S. RAJU TRADERS,POLYTHENE AND PLASTIC PROCESSED PRODUCTS MANUFACTURING(VIRGIN PLASTIC),PLASTIC AND RUBBER,0.2457,8,2025-07-27,2025-05-08,YET TO START CONSTRUCTION,YES,OBC,-0.2611489597502786,-0.23702404469584162,13,96,116,131,17,9,1970-01-01 00:00:00.000000064,1970-01-01 00:00:00.000000020,0,0,1,2025,7,27,6,2025.0,5.0,8.0,3.0,1970,1,1,3,1970,1,1,3
SIDDIPET,MULUG,BANDA MAILARAM,M/S. PATWAARI SNACKS PRIVATE LIMITED,PUFFED RICE (MURI) (USING GAS OR ELECTRICAL HEATING SYSTEM),FOOD PROCESSING,0.25,30,2025-08-01,2025-05-08,YET TO START CONSTRUCTION,YES,GENERAL,-0.2608127748973353,0.23888201593085942,0,97,117,132,48,1,1970-01-01 00:00:00.000000046,1970-01-01 00:00:00.000000020,0,0,0,2025,8,1,4,2025.0,5.0,8.0,3.0,1970,1,1,3,1970,1,1,3
SANGAREDDY,PATANCHERU,NANDIGAON,KISSHOUTENNYA BENZAITEN PRIVATE LIMITED,"MANUFACTURING OF TOOTH POWDER, TOOTHPASTE, TALCUM POWDER AND OTHER COSMETIC ITEMS",AGRO BASED INCL COLD STORAGES,0.4013,10,2025-07-11,2025-05-08,YET TO START CONSTRUCTION,YES,GENERAL,-0.2489837590251672,-0.19375985736614154,12,60,118,133,49,0,1970-01-01 00:00:00.000000056,1970-01-01 00:00:00.000000020,0,0,0,2025,7,11,4,2025.0,5.0,8.0,3.0,1970,1,1,3,1970,1,1,3
MEDCHAL,DUNDIGAL GANDIMAISAMMA,BAHADURPALLY,M/S. SAGGIDI NARSING RAO,ENGINEERING AND FABRICATION UNITS (DRY PROCESS WITHOUT ANY HEAT TREATMENT / METAL SURFACE FINISHING OPERATIONS / PAINTING),ENGINEERING,0.25,4,2025-08-02,2025-05-08,YET TO START CONSTRUCTION,YES,GENERAL,-0.2608127748973353,-0.3235524193552418,3,6,119,134,5,5,1970-01-01 00:00:00.000000029,1970-01-01 00:00:00.000000020,0,0,0,2025,8,2,5,2025.0,5.0,8.0,3.0,1970,1,1,3,1970,1,1,3
MAHABUBABAD,KESAMUDRAM,KESAMUDRAM,"""M.S SRI CHAKRA INDUSTRIES """,RICE MILL (RICE HULLERS ONLY),FOOD PROCESSING,1.4,9,2025-06-09,2025-05-08,YET TO START CONSTRUCTION,YES,GENERAL,-0.17090287236598506,-0.21539195103099157,6,21,44,135,7,1,1970-01-01 00:00:00.000000065,1970-01-01 00:00:00.000000020,0,0,0,2025,6,9,0,2025.0,5.0,8.0,3.0,1970,1,1,3,1970,1,1,3
MAHABUBABAD,KESAMUDRAM,INUGURTHY,M/S ADARSHA RICE INDUSTRIES,RICE MILL (RICE HULLERS ONLY),FOOD PROCESSING,1.6,9,2025-05-24,2025-05-08,YET TO START CONSTRUCTION,YES,OBC,-0.1552663675779241,-0.21539195103099157,6,21,120,136,7,1,1970-01-01 00:00:00.000000066,1970-01-01 00:00:00.000000020,0,0,1,2025,5,24,5,2025.0,5.0,8.0,3.0,1970,1,1,3,1970,1,1,3
KHAMMAM,TALLADA,MALLARAM,BHAGYALAXMI SAWMILL,SAW MILLS,WOOD AND LEATHER,0.035,3,2025-07-23,2025-05-08,YET TO START CONSTRUCTION,YES,OBC,-0.2776220175445007,-0.34518451302009184,22,98,121,137,9,8,1970-01-01 00:00:00.000000043,1970-01-01 00:00:00.000000020,0,0,1,2025,7,23,2,2025.0,5.0,8.0,3.0,1970,1,1,3,1970,1,1,3
RANGAREDDY,NANDIGAMA,NANDIGAMA,WASTE LESS WORLDWIDE INDUSTRIES PRIVATE LIMITED,"INDUSTRIES ENGAGED IN RECYCLING / REPROCESSING/ RECOVERY/REUSE OF HAZARDOUS WASTE UNDERSCHEDULE IV OF HAY( NIL, HTLZ TBM) RULES, 2008 - ITEMS NAMELY - SPENT CATALYST CONTAINING NICKEL, CADMIUM, ZINC, COPPER, ARSENIC, VANADIUM AND COBALT,",PHARMACEUTICALS AND CHEMICALS,5.0,8,2025-07-09,2025-04-08,YET TO START CONSTRUCTION,YES,OBC,0.11055421381911132,-0.23702404469584162,8,12,12,138,50,7,1970-01-01 00:00:00.000000012,1970-01-01 00:00:00.000000021,0,0,1,2025,7,9,2,2025.0,4.0,8.0,1.0,1970,1,1,3,1970,1,1,3
RANGAREDDY,NANDIGAMA,NANDIGAMA,OPTIMIX EWASTE PRIVATE LIMITED,"INDUSTRIES ENGAGED IN RECYCLING / REPROCESSING/ RECOVERY/REUSE OF HAZARDOUS WASTE UNDERSCHEDULE IV OF HW( M, H& TBM) RULES, 2008 - ITEMS NAMELY -DISMANTLERS RECYCLINGYLANTSCOMPONENTS OF WASTE ELECTRICALAND ELECTRONIC ASSEMBLESCOMPRISING ACCUMULATORS ANDOTHER BATTERIES INCLUDED ON LISTA, MERCURY-SWITCHES, ACTIVATED GLASS CUILETS FROM CATHODE-RAY TUBES AND OTHER ACTIVATED GLASS AND PCB-CAPACITORS, OR ANY OTHER COMPONENT CONTAMINATED WITHSCHEDULE 2 CONSTITUENTS (E.G.CADMIUM, MERCURY, LEAD,POLYCHLORINATED BIPHENYL) TO AN EXTENT THAT THEY EXHIBIT HAZARD CHARACTERISTICS INDICATED IN PARTC OF THIS SCHEDULE.",PHARMACEUTICALS AND CHEMICALS,3.5,4,2025-07-02,2025-04-08,YET TO START CONSTRUCTION,YES,OBC,-0.006719572091345499,-0.3235524193552418,8,12,12,139,51,7,1970-01-01 00:00:00.000000067,1970-01-01 00:00:00.000000021,0,0,1,2025,7,2,2,2025.0,4.0,8.0,1.0,1970,1,1,3,1970,1,1,3
MULUGU,MULUGU,MULUG,A.R.ROOFING INDUSTRY,ENGINEERING WITHOUT PAINTING ACTIVITY,OTHERS,0.24,4,2025-07-17,2025-04-08,YET TO START CONSTRUCTION,YES,GENERAL,-0.26159460013673835,-0.3235524193552418,28,88,122,140,52,12,1970-01-01 00:00:00.000000068,1970-01-01 00:00:00.000000021,0,0,0,2025,7,17,3,2025.0,4.0,8.0,1.0,1970,1,1,3,1970,1,1,3
YADADRI,BHONGIR,CHEEMALA KONDUR,SREE SREENIVASA RICE MILL,RICE MILL (RICE HULLERS ONLY),FOOD PROCESSING,0.25,10,2025-08-01,2025-04-08,YET TO START CONSTRUCTION,YES,GENERAL,-0.2608127748973353,-0.19375985736614154,5,64,123,141,7,1,1970-01-01 00:00:00.000000046,1970-01-01 00:00:00.000000021,0,0,0,2025,8,1,4,2025.0,4.0,8.0,1.0,1970,1,1,3,1970,1,1,3
SIDDIPET,WARGAL,MYLARAM,STANDARD WAREHOUSE,"FACILITY OF HANDLING, STORAGE AND TRANSPORTATION OF FOOD GRAINS IN BULK",AGRO BASED INCL COLD STORAGES,1.45,10,2024-08-03,2025-04-08,YET TO START CONSTRUCTION,YES,GENERAL,-0.16699374616896984,-0.19375985736614154,0,51,124,142,10,0,1970-01-01 00:00:00.000000069,1970-01-01 00:00:00.000000021,0,0,0,2024,8,3,5,2025.0,4.0,8.0,1.0,1970,1,1,3,1970,1,1,3
SANGAREDDY,PATANCHERU,PASHAMYLARAM,BLYPIN ENTERPRISES PRIVATE LIMITED,CARDBOARD OR CORRUGATED BOX AND PAPER PRODUCTS (EXCLUDING PAPER OR PULP MANUFACTURING AND WITHOUT USING BOILERS),PAPER AND PRINTING,0.25,20,2025-07-28,2025-04-08,YET TO START CONSTRUCTION,YES,GENERAL,-0.2608127748973353,0.02256107928235895,12,60,67,143,6,6,1970-01-01 00:00:00.000000044,1970-01-01 00:00:00.000000021,0,0,0,2025,7,28,0,2025.0,4.0,8.0,1.0,1970,1,1,3,1970,1,1,3
MEDCHAL,GHATKESAR,CHERLAPALLY,SD ROCK BIT,ENGINEERING AND FABRICATION UNITS (DRY PROCESS WITHOUT ANY HEAT TREATMENT / METAL SURFACE FINISHING OPERATIONS / PAINTING),ENGINEERING,0.65,15,2025-07-31,2025-04-08,YET TO START CONSTRUCTION,YES,GENERAL,-0.22953976532121345,-0.0855993890418913,3,99,125,144,5,5,1970-01-01 00:00:00.000000000,1970-01-01 00:00:00.000000021,0,0,0,2025,7,31,3,2025.0,4.0,8.0,1.0,1970,1,1,3,1970,1,1,3
MEDCHAL,QUTUBULLAPUR,JEEDIMETLA,M/S AUCTOR HOME APPLIANCES LLP,POLYTHENE AND PLASTIC PROCESSED PRODUCTS MANUFACTURING(VIRGIN PLASTIC),PLASTIC AND RUBBER,0.24,20,2025-07-23,2025-04-08,YET TO START CONSTRUCTION,YES,GENERAL,-0.26159460013673835,0.02256107928235895,3,15,15,145,17,9,1970-01-01 00:00:00.000000043,1970-01-01 00:00:00.000000021,0,0,0,2025,7,23,2,2025.0,4.0,8.0,1.0,1970,1,1,3,1970,1,1,3
JANGAON,BACHANNAPET,ALIMPUR,GAL REDDY WATERPLANT,MINERALIZED WATER,BEVERAGES,0.06,2,2025-07-31,2025-04-08,YET TO START CONSTRUCTION,YES,GENERAL,-0.2756674544459931,-0.3668166066849419,18,100,126,146,21,11,1970-01-01 00:00:00.000000000,1970-01-01 00:00:00.000000021,0,0,0,2025,7,31,3,2025.0,4.0,8.0,1.0,1970,1,1,3,1970,1,1,3
SANGAREDDY,ZAHIRABAD,KASIMPUR,AIRUS WATER PRIVATE LIMITED,MINERALIZED WATER,BEVERAGES,0.7,50,2025-07-11,2025-02-08,YET TO START CONSTRUCTION,YES,SC,-0.22563063912419823,0.6715238892278604,12,101,127,147,21,11,1970-01-01 00:00:00.000000056,1970-01-01 00:00:00.000000022,0,0,2,2025,7,11,4,2025.0,2.0,8.0,5.0,1970,1,1,3,1970,1,1,3
RANGAREDDY,IBRAHIMPATNAM,IBRAHIMPATNAM (KHALSA),R.K. INTERNATIONAL.,SPICE GRINDING (UPTO-20 HP MOTOR),FOOD PROCESSING,3.13,15,2025-07-22,2025-02-08,YET TO START CONSTRUCTION,YES,GENERAL,-0.03564710594925819,-0.0855993890418913,8,84,128,148,53,1,1970-01-01 00:00:00.000000025,1970-01-01 00:00:00.000000022,0,0,0,2025,7,22,1,2025.0,2.0,8.0,5.0,1970,1,1,3,1970,1,1,3
RANGAREDDY,IBRAHIMPATNAM,IBRAHIMPATNAM (KHALSA),AMRITA HERBOCEUTICALS.,AYURVEDIC AND HOMEOPATHIC MEDICINES (WITHOUT BOILER),PHARMACEUTICALS AND CHEMICALS,3.13,15,2025-07-23,2025-02-08,YET TO START CONSTRUCTION,YES,GENERAL,-0.03564710594925819,-0.0855993890418913,8,84,128,149,54,7,1970-01-01 00:00:00.000000043,1970-01-01 00:00:00.000000022,0,0,0,2025,7,23,2,2025.0,2.0,8.0,5.0,1970,1,1,3,1970,1,1,3
YADADRI,BIBINAGAR,RAIRAOPET,SRI PRANATHI INDUSTRIES.,ENGINEERING AND FABRICATION UNITS (DRY PROCESS WITHOUT ANY HEAT TREATMENT / METAL SURFACE FINISHING OPERATIONS / PAINTING),ENGINEERING,0.4338,4,2025-07-22,2025-02-08,YET TO START CONSTRUCTION,YES,GENERAL,-0.24644282699710726,-0.3235524193552418,5,5,5,150,5,5,1970-01-01 00:00:00.000000025,1970-01-01 00:00:00.000000022,0,0,0,2025,7,22,1,2025.0,2.0,8.0,5.0,1970,1,1,3,1970,1,1,3
YADADRI,BIBINAGAR,RAIRAOPET,OMEGA ENGINEERING INDUSTRY.,ENGINEERING AND FABRICATION UNITS (DRY PROCESS WITHOUT ANY HEAT TREATMENT / METAL SURFACE FINISHING OPERATIONS / PAINTING),ENGINEERING,0.5676,4,2025-07-18,2025-02-08,YET TO START CONSTRUCTION,YES,GENERAL,-0.23598200529389454,-0.3235524193552418,5,5,5,151,5,5,1970-01-01 00:00:00.000000055,1970-01-01 00:00:00.000000022,0,0,0,2025,7,18,4,2025.0,2.0,8.0,5.0,1970,1,1,3,1970,1,1,3
VIKARABAD,VICARABAD,VIKARABAD TOWN,KAVITHA FLOUR MILL,FLOUR MILLS (DRY PROCESS),FOOD PROCESSING,0.0514,3,2025-07-29,2025-02-08,YET TO START CONSTRUCTION,YES,ST,-0.27633982415187974,-0.34518451302009184,4,102,129,152,11,1,1970-01-01 00:00:00.000000035,1970-01-01 00:00:00.000000022,0,0,3,2025,7,29,1,2025.0,2.0,8.0,5.0,1970,1,1,3,1970,1,1,3
SIDDIPET,KONDAPAK,MANGOLE,HAMSA RURAL GODOWN,"FACILITY OF HANDLING, STORAGE AND TRANSPORTATION OF FOOD GRAINS IN BULK",AGRO BASED INCL COLD STORAGES,0.25,10,2025-07-31,2025-02-08,YET TO START CONSTRUCTION,YES,GENERAL,-0.2608127748973353,-0.19375985736614154,0,45,130,153,10,0,1970-01-01 00:00:00.000000000,1970-01-01 00:00:00.000000022,0,0,0,2025,7,31,3,2025.0,2.0,8.0,5.0,1970,1,1,3,1970,1,1,3
MEDCHAL,DUNDIGAL GANDIMAISAMMA,DUNDIGAL,NR ENTERPRISES,SAW MILLS,WOOD AND LEATHER,0.05,12,2025-07-28,2025-02-08,YET TO START CONSTRUCTION,YES,GENERAL,-0.2764492796853962,-0.15049567003644143,3,6,6,154,9,8,1970-01-01 00:00:00.000000044,1970-01-01 00:00:00.000000022,0,0,0,2025,7,28,0,2025.0,2.0,8.0,5.0,1970,1,1,3,1970,1,1,3
MEDCHAL,UPPAL,NACHARAM,CHEMTATVA CHIRAL SOLUTIONS PRIVATE LIMITED UNIT - 2,PHARMACEUTICAL FORMULATION AND FOR R & D PURPOSE (FOR SUSTAINED RELEASE/EXTENDED RELEASE OF DRUGS ONLY AND NOT FOR COMMERCIAL PURPOSE),R&D,0.35,10,2025-07-08,2025-02-08,YET TO START CONSTRUCTION,YES,GENERAL,-0.2529945225033048,-0.19375985736614154,3,3,3,155,3,3,1970-01-01 00:00:00.000000070,1970-01-01 00:00:00.000000022,0,0,0,2025,7,8,1,2025.0,2.0,8.0,5.0,1970,1,1,3,1970,1,1,3
MANCHERIAL,CHENNUR,KATHERSALA,M/S.ASMA BRICKS INDUSTRY,FLY ASH BRICKS/ BLOCK MANUFACTURING,"CEMENT, CEMENT & CONCRETE PRODUCTS, FLY ASH BRICKS",0.11,5,2025-07-22,2025-02-08,YET TO START CONSTRUCTION,YES,GENERAL,-0.2717583282489779,-0.3019203256903918,29,103,131,156,12,4,1970-01-01 00:00:00.000000025,1970-01-01 00:00:00.000000022,0,0,0,2025,7,22,1,2025.0,2.0,8.0,5.0,1970,1,1,3,1970,1,1,3
MAHABUBABAD,NARSIMHULAPET,PEDDAMUPPARAM,BENITH WOOD WORKS,"CARPENTRY & WOODEN FURNITURE MANUFACTURING (EXCLUDING SAW MILL) WITH THE HELP OF ELECTRICAL (MOTORIZED) MACHINES SUCH AS ELECTRICAL WOOD PLANNER, STEEL SAW CUTTING CIRCULAR BLADE, ETC",WOOD AND LEATHER,0.07,3,2025-07-23,2025-02-08,YET TO START CONSTRUCTION,YES,OBC,-0.2748856292065901,-0.34518451302009184,6,104,132,157,55,8,1970-01-01 00:00:00.000000043,1970-01-01 00:00:00.000000022,0,0,1,2025,7,23,2,2025.0,2.0,8.0,5.0,1970,1,1,3,1970,1,1,3
RANGAREDDY,NANDIGAMA,NANDIGAMA,RENAVART RECYCLERS INDIA PVT LTD,"INDUSTRIES ENGAGED IN RECYCLING / REPROCESSING/ RECOVERY/REUSE OF HAZARDOUS WASTE UNDERSCHEDULE IV OF HW( M, H& TBM) RULES, 2008 - ITEMS NAMELY -DISMANTLERS RECYCLINGYLANTSCOMPONENTS OF WASTE ELECTRICALAND ELECTRONIC ASSEMBLESCOMPRISING ACCUMULATORS ANDOTHER BATTERIES INCLUDED ON LISTA, MERCURY-SWITCHES, ACTIVATED GLASS CUILETS FROM CATHODE-RAY TUBES AND OTHER ACTIVATED GLASS AND PCB-CAPACITORS, OR ANY OTHER COMPONENT CONTAMINATED WITHSCHEDULE 2 CONSTITUENTS (E.G.CADMIUM, MERCURY, LEAD,POLYCHLORINATED BIPHENYL) TO AN EXTENT THAT THEY EXHIBIT HAZARD CHARACTERISTICS INDICATED IN PARTC OF THIS SCHEDULE.",PHARMACEUTICALS AND CHEMICALS,1.65,15,2025-07-31,2025-02-08,YET TO START CONSTRUCTION,YES,OBC,-0.15135724138090892,-0.0855993890418913,8,12,12,158,51,7,1970-01-01 00:00:00.000000000,1970-01-01 00:00:00.000000022,0,0,1,2025,7,31,3,2025.0,2.0,8.0,5.0,1970,1,1,3,1970,1,1,3
NARAYANPET,NARWA,YAMKI,VENNELA AGRO INDUSTRIES,PARBOILED RICE MILLS,FOOD PROCESSING,4.85,10,2025-07-08,2025-01-08,YET TO START CONSTRUCTION,YES,OBC,0.09882683522806561,-0.19375985736614154,16,38,133,159,18,1,1970-01-01 00:00:00.000000070,1970-01-01 00:00:00.000000023,0,0,1,2025,7,8,1,2025.0,1.0,8.0,2.0,1970,1,1,3,1970,1,1,3
WANAPARTHY,KOTHAKOTA,RAYANPET,SRI SAI NANDANA INDUSTRIES,RICE MILL (RICE HULLERS ONLY),FOOD PROCESSING,0.985,10,2025-07-21,2025-01-08,YET TO START CONSTRUCTION,YES,OBC,-0.20334861980121144,-0.19375985736614154,24,105,134,160,7,1,1970-01-01 00:00:00.000000049,1970-01-01 00:00:00.000000023,0,0,1,2025,7,21,0,2025.0,1.0,8.0,2.0,1970,1,1,3,1970,1,1,3
SIRCILLA,VEMULAWADA,NAMPALLE,M/S. RAJDHANI GLASS & PLYWOOD,FIBRE GLASS PRODUCTION ANDPROCESSING (EXCLUDING MOULDING),GRANITE AND STONE CRUSHING,0.23,8,2025-07-15,2025-01-08,YET TO START CONSTRUCTION,YES,OBC,-0.26237642537614136,-0.23702404469584162,13,106,135,161,56,2,1970-01-01 00:00:00.000000048,1970-01-01 00:00:00.000000023,0,0,1,2025,7,15,1,2025.0,1.0,8.0,2.0,1970,1,1,3,1970,1,1,3
MEDAK,MANOHARABAD,KONDAPUR,ANNAPURNA POLYTECH.,POLYTHENE AND PLASTIC PROCESSED PRODUCTS MANUFACTURING(VIRGIN PLASTIC),PLASTIC AND RUBBER,0.05,15,2025-07-30,2025-01-08,YET TO START CONSTRUCTION,YES,GENERAL,-0.2764492796853962,-0.0855993890418913,15,59,136,162,17,9,1970-01-01 00:00:00.000000005,1970-01-01 00:00:00.000000023,0,0,0,2025,7,30,2,2025.0,1.0,8.0,2.0,1970,1,1,3,1970,1,1,3
